<?xml version="1.0" encoding="UTF-8"?><rss version="2.0"
	xmlns:content="http://purl.org/rss/1.0/modules/content/"
	xmlns:wfw="http://wellformedweb.org/CommentAPI/"
	xmlns:dc="http://purl.org/dc/elements/1.1/"
	xmlns:atom="http://www.w3.org/2005/Atom"
	xmlns:sy="http://purl.org/rss/1.0/modules/syndication/"
	xmlns:slash="http://purl.org/rss/1.0/modules/slash/"
	
	xmlns:georss="http://www.georss.org/georss"
	xmlns:geo="http://www.w3.org/2003/01/geo/wgs84_pos#"
	>

<channel>
	<title>Prodotti &#8211; Dolce&amp;Salato</title>
	<atom:link href="http://localhost/woocommerce/negozio/feed/?simply_static_page=447" rel="self" type="application/rss+xml" />
	<link></link>
	<description></description>
	<lastBuildDate>Fri, 24 Mar 2023 22:26:24 +0000</lastBuildDate>
	<language>it-IT</language>
	<sy:updatePeriod>
	hourly	</sy:updatePeriod>
	<sy:updateFrequency>
	1	</sy:updateFrequency>
	<generator>https://wordpress.org/?v=6.1.1</generator>

<image>
	<url>/wp-content/uploads/2023/03/cropped-Dolce-salato-32x32.png</url>
	<title>Prodotti &#8211; Dolce&amp;Salato</title>
	<link></link>
	<width>32</width>
	<height>32</height>
</image> 
	<item>
		<title>Crostata alla frutta fresca</title>
		<link>/prodotto/crostata-alla-frutta-fresca/</link>
					<comments>/prodotto/crostata-alla-frutta-fresca/#respond</comments>
		
		<dc:creator><![CDATA[Shirley]]></dc:creator>
		<pubDate>Fri, 24 Mar 2023 22:26:24 +0000</pubDate>
				<guid isPermaLink="false">/?post_type=product#038;p=214</guid>

					<description><![CDATA[Ingredienti: farina ’00, farina di mandorle, burro morbido a temperatura ambiente, uovo,  zucchero semolato, lievito per dolci, buccia grattugiata di limone, buccia grattugiata di arancia, vaniglia, sale. Crema pasticcera agli agrumi: latte intero fresco, zucchero, farina ’00, fecola di patate, estratto di vaniglia.]]></description>
										<content:encoded><![CDATA[Ingredienti: farina ’00, farina di mandorle, burro morbido a temperatura ambiente, uovo,  zucchero semolato, lievito per dolci, buccia grattugiata di limone, buccia grattugiata di arancia, vaniglia, sale. Crema pasticcera agli agrumi: latte intero fresco, zucchero, farina ’00, fecola di patate, estratto di vaniglia.]]></content:encoded>
					
					<wfw:commentRss>/prodotto/crostata-alla-frutta-fresca/feed/</wfw:commentRss>
			<slash:comments>0</slash:comments>
		
		
			</item>
		<item>
		<title>Pizzette rosse</title>
		<link>/prodotto/pizzette-rosse/</link>
					<comments>/prodotto/pizzette-rosse/#respond</comments>
		
		<dc:creator><![CDATA[Shirley]]></dc:creator>
		<pubDate>Fri, 24 Mar 2023 14:54:57 +0000</pubDate>
				<guid isPermaLink="false">/?post_type=product#038;p=118</guid>

					<description><![CDATA[<dl class="gz-list-ingredients">
 	<dd class="gz-ingredient">Ingredienti: Acqua a temperatura ambiente, Farina 00, lievito di birra fresco, zucchero, olio extravergine d'oliva, sale fino. Passata di pomodoro, mozzarella, Pepe nero, origano.</dd>
</dl>]]></description>
										<content:encoded><![CDATA[<dl class="gz-list-ingredients">
 	<dd class="gz-ingredient">Ingredienti: Acqua a temperatura ambiente, Farina 00, lievito di birra fresco, zucchero, olio extravergine d'oliva, sale fino. Passata di pomodoro, mozzarella, Pepe nero, origano.</dd>
</dl>]]></content:encoded>
					
					<wfw:commentRss>/prodotto/pizzette-rosse/feed/</wfw:commentRss>
			<slash:comments>0</slash:comments>
		
		
			</item>
		<item>
		<title>Torta al cioccolato luxe</title>
		<link>/prodotto/torta-al-cioccolato-luxe/</link>
					<comments>/prodotto/torta-al-cioccolato-luxe/#respond</comments>
		
		<dc:creator><![CDATA[Shirley]]></dc:creator>
		<pubDate>Fri, 24 Mar 2023 14:52:16 +0000</pubDate>
				<guid isPermaLink="false">/?post_type=product#038;p=116</guid>

					<description><![CDATA[Torta al cioccolato fondente molto gustosa ideale per la merenda.]]></description>
										<content:encoded><![CDATA[<p>Cioccolato fondente al 55%, Burro, Zucchero, Farina 00, Cacao amaro in polvere, Uova, Lievito in polvere per dolci e sale.</p>
]]></content:encoded>
					
					<wfw:commentRss>/prodotto/torta-al-cioccolato-luxe/feed/</wfw:commentRss>
			<slash:comments>0</slash:comments>
		
		
			</item>
		<item>
		<title>Cornetto Re cacao</title>
		<link>/prodotto/cornetto-re-cacao/</link>
					<comments>/prodotto/cornetto-re-cacao/#respond</comments>
		
		<dc:creator><![CDATA[Shirley]]></dc:creator>
		<pubDate>Fri, 24 Mar 2023 14:38:50 +0000</pubDate>
				<guid isPermaLink="false">/?post_type=product#038;p=109</guid>

					<description><![CDATA[Realizzati con ingredienti di alta qualità, i nostri cornetti sono soffici e fragranti, con una morbida ripieno di cioccolato fondente che si scioglie in bocca.]]></description>
										<content:encoded><![CDATA[Realizzati con ingredienti di alta qualità, i nostri cornetti sono soffici e fragranti, con una morbida ripieno di cioccolato fondente che si scioglie in bocca.]]></content:encoded>
					
					<wfw:commentRss>/prodotto/cornetto-re-cacao/feed/</wfw:commentRss>
			<slash:comments>0</slash:comments>
		
		
			</item>
		<item>
		<title>Pane all&#8217;olio</title>
		<link>/prodotto/pane-allolio/</link>
					<comments>/prodotto/pane-allolio/#respond</comments>
		
		<dc:creator><![CDATA[Shirley]]></dc:creator>
		<pubDate>Fri, 24 Mar 2023 14:31:11 +0000</pubDate>
				<guid isPermaLink="false">/?post_type=product#038;p=107</guid>

					<description><![CDATA[Consistenza morbida e una fragranza delicata, rendendolo perfetto per accompagnare piatti leggeri e gustosi. Il nostro pane all'olio è realizzato con ingredienti freschi e selezionati, seguendo una ricetta artigianale per garantire la massima qualità e il sapore autentico.]]></description>
										<content:encoded><![CDATA[Consistenza morbida e una fragranza delicata, rendendolo perfetto per accompagnare piatti leggeri e gustosi. Il nostro pane all'olio è realizzato con ingredienti freschi e selezionati, seguendo una ricetta artigianale per garantire la massima qualità e il sapore autentico.]]></content:encoded>
					
					<wfw:commentRss>/prodotto/pane-allolio/feed/</wfw:commentRss>
			<slash:comments>0</slash:comments>
		
		
			</item>
		<item>
		<title>Pane integrale</title>
		<link>/prodotto/pane-integrale/</link>
					<comments>/prodotto/pane-integrale/#respond</comments>
		
		<dc:creator><![CDATA[Shirley]]></dc:creator>
		<pubDate>Fri, 24 Mar 2023 13:52:56 +0000</pubDate>
				<guid isPermaLink="false">/?post_type=product#038;p=80</guid>

					<description><![CDATA[Prodotto con farina integrale ricca di fibre che lascia intatti i principi nutritivi]]></description>
										<content:encoded><![CDATA[Prodotto con farina integrale ricca di fibre che lascia intatti i principi nutritivi]]></content:encoded>
					
					<wfw:commentRss>/prodotto/pane-integrale/feed/</wfw:commentRss>
			<slash:comments>0</slash:comments>
		
		
			</item>
	</channel>
</rss>
