<?xml version="1.0" encoding="UTF-8"?><rss version="2.0"
	xmlns:content="http://purl.org/rss/1.0/modules/content/"
	xmlns:wfw="http://wellformedweb.org/CommentAPI/"
	xmlns:dc="http://purl.org/dc/elements/1.1/"
	xmlns:atom="http://www.w3.org/2005/Atom"
	xmlns:sy="http://purl.org/rss/1.0/modules/syndication/"
	xmlns:slash="http://purl.org/rss/1.0/modules/slash/"
	
	xmlns:georss="http://www.georss.org/georss"
	xmlns:geo="http://www.w3.org/2003/01/geo/wgs84_pos#"
	>

<channel>
	<title>Cornetti &#8211; Dolce&amp;Salato</title>
	<atom:link href="http://localhost/woocommerce/categoria-prodotto/cornetti/feed/?simply_static_page=558" rel="self" type="application/rss+xml" />
	<link></link>
	<description></description>
	<lastBuildDate>Fri, 24 Mar 2023 14:38:50 +0000</lastBuildDate>
	<language>it-IT</language>
	<sy:updatePeriod>
	hourly	</sy:updatePeriod>
	<sy:updateFrequency>
	1	</sy:updateFrequency>
	<generator>https://wordpress.org/?v=6.1.1</generator>

<image>
	<url>/wp-content/uploads/2023/03/cropped-Dolce-salato-32x32.png</url>
	<title>Cornetti &#8211; Dolce&amp;Salato</title>
	<link></link>
	<width>32</width>
	<height>32</height>
</image> 
	<item>
		<title>Cornetto Re cacao</title>
		<link>/prodotto/cornetto-re-cacao/</link>
					<comments>/prodotto/cornetto-re-cacao/#respond</comments>
		
		<dc:creator><![CDATA[Shirley]]></dc:creator>
		<pubDate>Fri, 24 Mar 2023 14:38:50 +0000</pubDate>
				<guid isPermaLink="false">/?post_type=product#038;p=109</guid>

					<description><![CDATA[Realizzati con ingredienti di alta qualità, i nostri cornetti sono soffici e fragranti, con una morbida ripieno di cioccolato fondente che si scioglie in bocca.]]></description>
										<content:encoded><![CDATA[Realizzati con ingredienti di alta qualità, i nostri cornetti sono soffici e fragranti, con una morbida ripieno di cioccolato fondente che si scioglie in bocca.]]></content:encoded>
					
					<wfw:commentRss>/prodotto/cornetto-re-cacao/feed/</wfw:commentRss>
			<slash:comments>0</slash:comments>
		
		
			</item>
	</channel>
</rss>
