<?xml version="1.0" encoding="UTF-8"?><rss version="2.0"
	xmlns:content="http://purl.org/rss/1.0/modules/content/"
	xmlns:wfw="http://wellformedweb.org/CommentAPI/"
	xmlns:dc="http://purl.org/dc/elements/1.1/"
	xmlns:atom="http://www.w3.org/2005/Atom"
	xmlns:sy="http://purl.org/rss/1.0/modules/syndication/"
	xmlns:slash="http://purl.org/rss/1.0/modules/slash/"
	
	xmlns:georss="http://www.georss.org/georss"
	xmlns:geo="http://www.w3.org/2003/01/geo/wgs84_pos#"
	>

<channel>
	<title>Pane &#8211; Dolce&amp;Salato</title>
	<atom:link href="http://localhost/woocommerce/categoria-prodotto/pane/feed/?simply_static_page=565" rel="self" type="application/rss+xml" />
	<link></link>
	<description></description>
	<lastBuildDate>Fri, 24 Mar 2023 15:16:40 +0000</lastBuildDate>
	<language>it-IT</language>
	<sy:updatePeriod>
	hourly	</sy:updatePeriod>
	<sy:updateFrequency>
	1	</sy:updateFrequency>
	<generator>https://wordpress.org/?v=6.1.1</generator>

<image>
	<url>/wp-content/uploads/2023/03/cropped-Dolce-salato-32x32.png</url>
	<title>Pane &#8211; Dolce&amp;Salato</title>
	<link></link>
	<width>32</width>
	<height>32</height>
</image> 
	<item>
		<title>Pane all&#8217;olio</title>
		<link>/prodotto/pane-allolio/</link>
					<comments>/prodotto/pane-allolio/#respond</comments>
		
		<dc:creator><![CDATA[Shirley]]></dc:creator>
		<pubDate>Fri, 24 Mar 2023 14:31:11 +0000</pubDate>
				<guid isPermaLink="false">/?post_type=product#038;p=107</guid>

					<description><![CDATA[Consistenza morbida e una fragranza delicata, rendendolo perfetto per accompagnare piatti leggeri e gustosi. Il nostro pane all'olio è realizzato con ingredienti freschi e selezionati, seguendo una ricetta artigianale per garantire la massima qualità e il sapore autentico.]]></description>
										<content:encoded><![CDATA[Consistenza morbida e una fragranza delicata, rendendolo perfetto per accompagnare piatti leggeri e gustosi. Il nostro pane all'olio è realizzato con ingredienti freschi e selezionati, seguendo una ricetta artigianale per garantire la massima qualità e il sapore autentico.]]></content:encoded>
					
					<wfw:commentRss>/prodotto/pane-allolio/feed/</wfw:commentRss>
			<slash:comments>0</slash:comments>
		
		
			</item>
		<item>
		<title>Pane integrale</title>
		<link>/prodotto/pane-integrale/</link>
					<comments>/prodotto/pane-integrale/#respond</comments>
		
		<dc:creator><![CDATA[Shirley]]></dc:creator>
		<pubDate>Fri, 24 Mar 2023 13:52:56 +0000</pubDate>
				<guid isPermaLink="false">/?post_type=product#038;p=80</guid>

					<description><![CDATA[Prodotto con farina integrale ricca di fibre che lascia intatti i principi nutritivi]]></description>
										<content:encoded><![CDATA[Prodotto con farina integrale ricca di fibre che lascia intatti i principi nutritivi]]></content:encoded>
					
					<wfw:commentRss>/prodotto/pane-integrale/feed/</wfw:commentRss>
			<slash:comments>0</slash:comments>
		
		
			</item>
	</channel>
</rss>
