<?xml version="1.0" encoding="UTF-8"?><rss version="2.0"
	xmlns:content="http://purl.org/rss/1.0/modules/content/"
	xmlns:wfw="http://wellformedweb.org/CommentAPI/"
	xmlns:dc="http://purl.org/dc/elements/1.1/"
	xmlns:atom="http://www.w3.org/2005/Atom"
	xmlns:sy="http://purl.org/rss/1.0/modules/syndication/"
	xmlns:slash="http://purl.org/rss/1.0/modules/slash/"
	
	xmlns:georss="http://www.georss.org/georss"
	xmlns:geo="http://www.w3.org/2003/01/geo/wgs84_pos#"
	>

<channel>
	<title>Pizza &#8211; Dolce&amp;Salato</title>
	<atom:link href="http://localhost/woocommerce/categoria-prodotto/pizza/feed/?simply_static_page=567" rel="self" type="application/rss+xml" />
	<link></link>
	<description></description>
	<lastBuildDate>Fri, 24 Mar 2023 22:18:22 +0000</lastBuildDate>
	<language>it-IT</language>
	<sy:updatePeriod>
	hourly	</sy:updatePeriod>
	<sy:updateFrequency>
	1	</sy:updateFrequency>
	<generator>https://wordpress.org/?v=6.1.1</generator>

<image>
	<url>/wp-content/uploads/2023/03/cropped-Dolce-salato-32x32.png</url>
	<title>Pizza &#8211; Dolce&amp;Salato</title>
	<link></link>
	<width>32</width>
	<height>32</height>
</image> 
	<item>
		<title>Pizzette rosse</title>
		<link>/prodotto/pizzette-rosse/</link>
					<comments>/prodotto/pizzette-rosse/#respond</comments>
		
		<dc:creator><![CDATA[Shirley]]></dc:creator>
		<pubDate>Fri, 24 Mar 2023 14:54:57 +0000</pubDate>
				<guid isPermaLink="false">/?post_type=product#038;p=118</guid>

					<description><![CDATA[<dl class="gz-list-ingredients">
 	<dd class="gz-ingredient">Ingredienti: Acqua a temperatura ambiente, Farina 00, lievito di birra fresco, zucchero, olio extravergine d'oliva, sale fino. Passata di pomodoro, mozzarella, Pepe nero, origano.</dd>
</dl>]]></description>
										<content:encoded><![CDATA[<dl class="gz-list-ingredients">
 	<dd class="gz-ingredient">Ingredienti: Acqua a temperatura ambiente, Farina 00, lievito di birra fresco, zucchero, olio extravergine d'oliva, sale fino. Passata di pomodoro, mozzarella, Pepe nero, origano.</dd>
</dl>]]></content:encoded>
					
					<wfw:commentRss>/prodotto/pizzette-rosse/feed/</wfw:commentRss>
			<slash:comments>0</slash:comments>
		
		
			</item>
	</channel>
</rss>
